{
    "loss": 13.297258377075195,
    "accuracy": 0.5686274766921997
}